Timestamp,Repository,Industry,Turnover (Company Scale),Health Score,Total Loss Exposure (INR),Files Analyzed,Total Bugs,Contributors,Errors
"2026-04-10T01:14:56.099Z","https://github.com/Thunder07-blip/Build-a-Thon","saas","10000000","64","2480","8","0","1","0"
"2026-04-10T01:17:40.380Z","https://github.com/Thunder07-blip/Build-a-Thon",".gitignore","undefined","36.00%","310"
"2026-04-10T01:17:40.380Z","https://github.com/Thunder07-blip/Build-a-Thon","contracts/DonationPool.sol","undefined","36.00%","310"
"2026-04-10T01:17:40.380Z","https://github.com/Thunder07-blip/Build-a-Thon","contracts/VerificationRegistry","undefined","36.00%","310"
"2026-04-10T01:17:40.380Z","https://github.com/Thunder07-blip/Build-a-Thon","eslint.config.js","undefined","36.00%","310"
"2026-04-10T01:17:40.380Z","https://github.com/Thunder07-blip/Build-a-Thon","index.html","undefined","36.00%","310"
"2026-04-10T01:17:40.380Z","https://github.com/Thunder07-blip/Build-a-Thon","src/App.jsx","undefined","36.00%","310"
"2026-04-10T01:17:40.380Z","https://github.com/Thunder07-blip/Build-a-Thon","src/main.jsx","undefined","36.00%","310"
"2026-04-10T01:17:40.380Z","https://github.com/Thunder07-blip/Build-a-Thon","vite.config.js","undefined","36.00%","310"
"2026-04-10T01:18:39.263Z","https://github.com/Thunder07-blip/Build-a-Thon",".gitignore","36","36.00%","310"
"2026-04-10T01:18:39.263Z","https://github.com/Thunder07-blip/Build-a-Thon","contracts/DonationPool.sol","36","36.00%","310"
"2026-04-10T01:18:39.263Z","https://github.com/Thunder07-blip/Build-a-Thon","contracts/VerificationRegistry","36","36.00%","310"
"2026-04-10T01:18:39.263Z","https://github.com/Thunder07-blip/Build-a-Thon","eslint.config.js","36","36.00%","310"
"2026-04-10T01:18:39.263Z","https://github.com/Thunder07-blip/Build-a-Thon","index.html","36","36.00%","310"
"2026-04-10T01:18:39.263Z","https://github.com/Thunder07-blip/Build-a-Thon","src/App.jsx","36","36.00%","310"
"2026-04-10T01:18:39.263Z","https://github.com/Thunder07-blip/Build-a-Thon","src/main.jsx","36","36.00%","310"
"2026-04-10T01:18:39.263Z","https://github.com/Thunder07-blip/Build-a-Thon","vite.config.js","36","36.00%","310"
"2026-04-10T01:20:12.480Z","https://github.com/Thunder07-blip/Build-a-Thon","contracts/DonationPool.sol","46","46.00%","442"
"2026-04-10T01:20:12.480Z","https://github.com/Thunder07-blip/Build-a-Thon","src/App.jsx","39","39.00%","347"
"2026-04-10T01:20:12.480Z","https://github.com/Thunder07-blip/Build-a-Thon","src/main.jsx","39","39.00%","347"
"2026-04-10T01:20:12.480Z","https://github.com/Thunder07-blip/Build-a-Thon","eslint.config.js","37","37.00%","322"
"2026-04-10T01:20:12.480Z","https://github.com/Thunder07-blip/Build-a-Thon","vite.config.js","37","37.00%","322"
"2026-04-10T01:20:12.480Z","https://github.com/Thunder07-blip/Build-a-Thon","contracts/VerificationRegistry","36","36.00%","310"
"2026-04-10T01:20:12.480Z","https://github.com/Thunder07-blip/Build-a-Thon","index.html","36","36.00%","310"
"2026-04-10T01:20:12.480Z","https://github.com/Thunder07-blip/Build-a-Thon",".gitignore","28","28.00%","218"
"2026-04-10T01:21:31.294Z","https://github.com/Thunder07-blip/Internet-speed-viewer","core/__init__.py","37","37.00%","1610"
"2026-04-10T01:21:31.294Z","https://github.com/Thunder07-blip/Internet-speed-viewer","core/buffer.py","37","37.00%","1610"
"2026-04-10T01:21:31.294Z","https://github.com/Thunder07-blip/Internet-speed-viewer","core/calculator.py","37","37.00%","1610"
"2026-04-10T01:21:31.294Z","https://github.com/Thunder07-blip/Internet-speed-viewer","core/sampler.py","37","37.00%","1610"
"2026-04-10T01:21:31.294Z","https://github.com/Thunder07-blip/Internet-speed-viewer","config/config_manager.py","37","37.00%","1610"
"2026-04-10T01:21:31.294Z","https://github.com/Thunder07-blip/Internet-speed-viewer","main.py","37","37.00%","1610"
"2026-04-10T01:21:31.294Z","https://github.com/Thunder07-blip/Internet-speed-viewer","ui/__init__.py","37","37.00%","1610"
"2026-04-10T01:21:31.294Z","https://github.com/Thunder07-blip/Internet-speed-viewer","ui/graph.py","37","37.00%","1610"
"2026-04-10T01:21:31.294Z","https://github.com/Thunder07-blip/Internet-speed-viewer","ui/main_window.py","37","37.00%","1610"
"2026-04-10T01:21:31.294Z","https://github.com/Thunder07-blip/Internet-speed-viewer","ui/widget.py","37","37.00%","1610"
"2026-04-10T01:21:31.294Z","https://github.com/Thunder07-blip/Internet-speed-viewer","data/speed.log","36","36.00%","1548"
"2026-04-10T01:21:31.294Z","https://github.com/Thunder07-blip/Internet-speed-viewer",".gitignore","28","28.00%","1092"
"2026-04-10T01:22:41.954Z","https://github.com/github/codeql-action","//api.github.c","100","100.00%","36000"
"2026-04-10T01:22:41.954Z","https://github.com/github/codeql-action","pr-checks/api-client.ts","51","51.00%","8242"
"2026-04-10T01:22:41.954Z","https://github.com/github/codeql-action","unittests/baseplatformtests.py","100","100.00%","4500"
"2026-04-10T01:22:41.954Z","https://github.com/github/codeql-action",".test.ts","100","100.00%","4500"
"2026-04-10T01:22:41.954Z","https://github.com/github/codeql-action","sarif.output.js","100","100.00%","4500"
"2026-04-10T01:22:41.954Z","https://github.com/github/codeql-action","/home/runner/work/_actions/github/codeql-action/v1/lib/upload-lib.js","100","100.00%","4500"
"2026-04-10T01:22:41.954Z","https://github.com/github/codeql-action","/home/runner/work/_actions/github/codeql-action/v2.1.28/lib/upload-sarif-action.js","100","100.00%","4500"
"2026-04-10T01:22:41.954Z","https://github.com/github/codeql-action","/home/runner/work/_actions/github/codeql-action/v1/lib/upload-sarif-action.js","100","100.00%","4500"
"2026-04-10T01:22:41.954Z","https://github.com/github/codeql-action","actions/exec/lib/toolrunner.js","100","100.00%","4500"
"2026-04-10T01:22:41.954Z","https://github.com/github/codeql-action","fs.js","100","100.00%","4500"
"2026-04-10T01:22:41.954Z","https://github.com/github/codeql-action","//github.c","100","100.00%","4500"
"2026-04-10T01:22:41.954Z","https://github.com/github/codeql-action","github.c","100","100.00%","4500"
"2026-04-10T01:22:41.954Z","https://github.com/github/codeql-action","com.semmle.c","100","100.00%","4500"
"2026-04-10T01:22:41.954Z","https://github.com/github/codeql-action","//docs.github.c","100","100.00%","4500"
"2026-04-10T01:22:41.954Z","https://github.com/github/codeql-action","//pvs-studio.c","100","100.00%","4500"
"2026-04-10T01:22:41.954Z","https://github.com/github/codeql-action","SubcommandCommon.java","100","100.00%","4500"
"2026-04-10T01:22:41.954Z","https://github.com/github/codeql-action","SarifRunsMerger.java","100","100.00%","4500"
"2026-04-10T01:22:41.954Z","https://github.com/github/codeql-action","cpp.trap.c","100","100.00%","4500"
"2026-04-10T01:22:41.954Z","https://github.com/github/codeql-action","/home/runner/work/DevSecOpsWorkshop-jm/DevSecOpsWorkshop-jm/com/example/demo/controller/Controller.java","100","100.00%","4500"
"2026-04-10T01:22:41.954Z","https://github.com/github/codeql-action","src/api-client.test.ts","29","29.00%","1833"
"2026-04-10T09:08:04.426Z","https://github.com/Thunder07-blip/time4impact","login.js","37","37.00%","2253"
"2026-04-10T09:08:04.426Z","https://github.com/Thunder07-blip/time4impact","login.html","36","36.00%","2167"
"2026-04-10T09:08:04.426Z","https://github.com/Thunder07-blip/time4impact","createpost.js","37","37.00%","322"
"2026-04-10T09:08:04.426Z","https://github.com/Thunder07-blip/time4impact","feedgpt.js","37","37.00%","322"
"2026-04-10T09:08:04.426Z","https://github.com/Thunder07-blip/time4impact","profile.js","37","37.00%","322"
"2026-04-10T09:08:04.426Z","https://github.com/Thunder07-blip/time4impact","server.js","37","37.00%","322"
"2026-04-10T09:08:04.426Z","https://github.com/Thunder07-blip/time4impact","createpost.html","36","36.00%","310"
"2026-04-10T09:08:04.426Z","https://github.com/Thunder07-blip/time4impact","feedgpt.html","36","36.00%","310"
"2026-04-10T09:08:04.426Z","https://github.com/Thunder07-blip/time4impact","profile.html","36","36.00%","310"
"2026-04-10T09:08:04.426Z","https://github.com/Thunder07-blip/time4impact","role-selection.html","36","36.00%","310"
"2026-04-10T09:13:00.635Z","https://github.com/Thunder07-blip/time4impact","[NO FILES]","N/A","N/A","ERROR: GitHub API Rate Limit exceeded or repository is empty. Please configure 'github_fine_grained' in your .env.local token to analyze more repositories."
"2026-04-10T09:14:05.766Z","https://github.com/Thunder07-blip/time4impact","[NO FILES]","N/A","N/A","ERROR: GitHub API Rate Limit exceeded or repository is empty. Please configure 'github_fine_grained' in your .env.local token to analyze more repositories."
"2026-04-10T09:28:07.777Z","https://github.com/Thunder07-blip/time4impact","login.js","37","37.00%","2253"
"2026-04-10T09:28:07.777Z","https://github.com/Thunder07-blip/time4impact","login.html","36","36.00%","2167"
"2026-04-10T09:28:07.777Z","https://github.com/Thunder07-blip/time4impact","createpost.js","37","37.00%","322"
"2026-04-10T09:28:07.777Z","https://github.com/Thunder07-blip/time4impact","feedgpt.js","37","37.00%","322"
"2026-04-10T09:28:07.777Z","https://github.com/Thunder07-blip/time4impact","profile.js","37","37.00%","322"
"2026-04-10T09:28:07.777Z","https://github.com/Thunder07-blip/time4impact","server.js","37","37.00%","322"
"2026-04-10T09:28:07.777Z","https://github.com/Thunder07-blip/time4impact","createpost.html","36","36.00%","310"
"2026-04-10T09:28:07.777Z","https://github.com/Thunder07-blip/time4impact","feedgpt.html","36","36.00%","310"
"2026-04-10T09:28:07.777Z","https://github.com/Thunder07-blip/time4impact","profile.html","36","36.00%","310"
"2026-04-10T09:28:07.777Z","https://github.com/Thunder07-blip/time4impact","role-selection.html","36","36.00%","310"
"2026-04-10T10:04:23.346Z","https://github.com/Thunder07-blip/time4impact","login.js","37","37.00%","2253"
"2026-04-10T10:04:23.346Z","https://github.com/Thunder07-blip/time4impact","login.html","36","36.00%","2167"
"2026-04-10T10:04:23.346Z","https://github.com/Thunder07-blip/time4impact","createpost.js","37","37.00%","322"
"2026-04-10T10:04:23.346Z","https://github.com/Thunder07-blip/time4impact","feedgpt.js","37","37.00%","322"
"2026-04-10T10:04:23.346Z","https://github.com/Thunder07-blip/time4impact","profile.js","37","37.00%","322"
"2026-04-10T10:04:23.346Z","https://github.com/Thunder07-blip/time4impact","server.js","37","37.00%","322"
"2026-04-10T10:04:23.346Z","https://github.com/Thunder07-blip/time4impact","createpost.html","36","36.00%","310"
"2026-04-10T10:04:23.346Z","https://github.com/Thunder07-blip/time4impact","feedgpt.html","36","36.00%","310"
"2026-04-10T10:04:23.346Z","https://github.com/Thunder07-blip/time4impact","profile.html","36","36.00%","310"
"2026-04-10T10:04:23.346Z","https://github.com/Thunder07-blip/time4impact","role-selection.html","36","36.00%","310"
"2026-04-10T10:56:11.452Z","https://github.com/Thunder07-blip/time4impact","login.js","37","37.00%","2253"
"2026-04-10T10:56:11.452Z","https://github.com/Thunder07-blip/time4impact","login.html","36","36.00%","2167"
"2026-04-10T10:56:11.452Z","https://github.com/Thunder07-blip/time4impact","createpost.js","37","37.00%","322"
"2026-04-10T10:56:11.452Z","https://github.com/Thunder07-blip/time4impact","feedgpt.js","37","37.00%","322"
"2026-04-10T10:56:11.452Z","https://github.com/Thunder07-blip/time4impact","profile.js","37","37.00%","322"
"2026-04-10T10:56:11.452Z","https://github.com/Thunder07-blip/time4impact","server.js","37","37.00%","322"
"2026-04-10T10:56:11.452Z","https://github.com/Thunder07-blip/time4impact","createpost.html","36","36.00%","310"
"2026-04-10T10:56:11.452Z","https://github.com/Thunder07-blip/time4impact","feedgpt.html","36","36.00%","310"
"2026-04-10T10:56:11.452Z","https://github.com/Thunder07-blip/time4impact","profile.html","36","36.00%","310"
"2026-04-10T10:56:11.452Z","https://github.com/Thunder07-blip/time4impact","role-selection.html","36","36.00%","310"
"2026-04-10T11:05:14.848Z","https://github.com/Thunder07-blip/time4impact","login.js","37","37.00%","2253"
"2026-04-10T11:05:14.848Z","https://github.com/Thunder07-blip/time4impact","login.html","36","36.00%","2167"
"2026-04-10T11:05:14.848Z","https://github.com/Thunder07-blip/time4impact","createpost.js","37","37.00%","322"
"2026-04-10T11:05:14.848Z","https://github.com/Thunder07-blip/time4impact","feedgpt.js","37","37.00%","322"
"2026-04-10T11:05:14.848Z","https://github.com/Thunder07-blip/time4impact","profile.js","37","37.00%","322"
"2026-04-10T11:05:14.848Z","https://github.com/Thunder07-blip/time4impact","server.js","37","37.00%","322"
"2026-04-10T11:05:14.848Z","https://github.com/Thunder07-blip/time4impact","createpost.html","36","36.00%","310"
"2026-04-10T11:05:14.848Z","https://github.com/Thunder07-blip/time4impact","feedgpt.html","36","36.00%","310"
"2026-04-10T11:05:14.848Z","https://github.com/Thunder07-blip/time4impact","profile.html","36","36.00%","310"
"2026-04-10T11:05:14.848Z","https://github.com/Thunder07-blip/time4impact","role-selection.html","36","36.00%","310"
"2026-04-10T11:44:11.854Z","https://github.com/Thunder07-blip/Build-a-Thon","contracts/DonationPool.sol","46","46.00%","442"
"2026-04-10T11:44:11.854Z","https://github.com/Thunder07-blip/Build-a-Thon","src/App.jsx","39","39.00%","347"
"2026-04-10T11:44:11.854Z","https://github.com/Thunder07-blip/Build-a-Thon","src/main.jsx","39","39.00%","347"
"2026-04-10T11:44:11.854Z","https://github.com/Thunder07-blip/Build-a-Thon","eslint.config.js","37","37.00%","322"
"2026-04-10T11:44:11.854Z","https://github.com/Thunder07-blip/Build-a-Thon","vite.config.js","37","37.00%","322"
"2026-04-10T11:44:11.854Z","https://github.com/Thunder07-blip/Build-a-Thon","contracts/VerificationRegistry","36","36.00%","310"
"2026-04-10T11:44:11.854Z","https://github.com/Thunder07-blip/Build-a-Thon","index.html","36","36.00%","310"
"2026-04-10T11:44:11.854Z","https://github.com/Thunder07-blip/Build-a-Thon",".gitignore","28","28.00%","218"
"2026-04-10T12:38:46.301Z","https://github.com/Thunder07-blip/Build-a-Thon","contracts/DonationPool.sol","46","46.00%","442"
"2026-04-10T12:38:46.301Z","https://github.com/Thunder07-blip/Build-a-Thon","src/App.jsx","39","39.00%","347"
"2026-04-10T12:38:46.301Z","https://github.com/Thunder07-blip/Build-a-Thon","src/main.jsx","39","39.00%","347"
"2026-04-10T12:38:46.301Z","https://github.com/Thunder07-blip/Build-a-Thon","eslint.config.js","37","37.00%","322"
"2026-04-10T12:38:46.301Z","https://github.com/Thunder07-blip/Build-a-Thon","vite.config.js","37","37.00%","322"
"2026-04-10T12:38:46.301Z","https://github.com/Thunder07-blip/Build-a-Thon","contracts/VerificationRegistry","36","36.00%","310"
"2026-04-10T12:38:46.301Z","https://github.com/Thunder07-blip/Build-a-Thon","index.html","36","36.00%","310"
"2026-04-10T12:38:46.301Z","https://github.com/Thunder07-blip/Build-a-Thon",".gitignore","28","28.00%","218"
"2026-04-10T12:40:59.534Z","https://github.com/Thunder07-blip/Build-a-Thon","contracts/DonationPool.sol","46","46.00%","442"
"2026-04-10T12:40:59.534Z","https://github.com/Thunder07-blip/Build-a-Thon","src/App.jsx","39","39.00%","347"
"2026-04-10T12:40:59.534Z","https://github.com/Thunder07-blip/Build-a-Thon","src/main.jsx","39","39.00%","347"
"2026-04-10T12:40:59.534Z","https://github.com/Thunder07-blip/Build-a-Thon","eslint.config.js","37","37.00%","322"
"2026-04-10T12:40:59.534Z","https://github.com/Thunder07-blip/Build-a-Thon","vite.config.js","37","37.00%","322"
"2026-04-10T12:40:59.534Z","https://github.com/Thunder07-blip/Build-a-Thon","contracts/VerificationRegistry","36","36.00%","310"
"2026-04-10T12:40:59.534Z","https://github.com/Thunder07-blip/Build-a-Thon","index.html","36","36.00%","310"
"2026-04-10T12:40:59.534Z","https://github.com/Thunder07-blip/Build-a-Thon",".gitignore","28","28.00%","218"
"2026-04-10T12:41:19.187Z","https://github.com/Thunder07-blip/Build-a-Thon","contracts/DonationPool.sol","46","46.00%","442"
"2026-04-10T12:41:19.187Z","https://github.com/Thunder07-blip/Build-a-Thon","src/App.jsx","39","39.00%","347"
"2026-04-10T12:41:19.187Z","https://github.com/Thunder07-blip/Build-a-Thon","src/main.jsx","39","39.00%","347"
"2026-04-10T12:41:19.187Z","https://github.com/Thunder07-blip/Build-a-Thon","eslint.config.js","37","37.00%","322"
"2026-04-10T12:41:19.187Z","https://github.com/Thunder07-blip/Build-a-Thon","vite.config.js","37","37.00%","322"
"2026-04-10T12:41:19.187Z","https://github.com/Thunder07-blip/Build-a-Thon","contracts/VerificationRegistry","36","36.00%","310"
"2026-04-10T12:41:19.187Z","https://github.com/Thunder07-blip/Build-a-Thon","index.html","36","36.00%","310"
"2026-04-10T12:41:19.187Z","https://github.com/Thunder07-blip/Build-a-Thon",".gitignore","28","28.00%","218"
"2026-04-10T13:48:56.977Z","https://github.com/Thunder07-blip/Build-a-Thon","contracts/DonationPool.sol","46","46.00%","442"
"2026-04-10T13:48:56.977Z","https://github.com/Thunder07-blip/Build-a-Thon","src/App.jsx","39","39.00%","347"
"2026-04-10T13:48:56.977Z","https://github.com/Thunder07-blip/Build-a-Thon","src/main.jsx","39","39.00%","347"
"2026-04-10T13:48:56.977Z","https://github.com/Thunder07-blip/Build-a-Thon","eslint.config.js","37","37.00%","322"
"2026-04-10T13:48:56.977Z","https://github.com/Thunder07-blip/Build-a-Thon","vite.config.js","37","37.00%","322"
"2026-04-10T13:48:56.977Z","https://github.com/Thunder07-blip/Build-a-Thon","contracts/VerificationRegistry","36","36.00%","310"
"2026-04-10T13:48:56.977Z","https://github.com/Thunder07-blip/Build-a-Thon","index.html","36","36.00%","310"
"2026-04-10T13:48:56.977Z","https://github.com/Thunder07-blip/Build-a-Thon",".gitignore","28","28.00%","218"
"2026-04-10T13:53:21.435Z","https://github.com/Thunder07-blip/Build-a-Thon","contracts/DonationPool.sol","46","46.00%","442"
"2026-04-10T13:53:21.435Z","https://github.com/Thunder07-blip/Build-a-Thon","src/App.jsx","39","39.00%","347"
"2026-04-10T13:53:21.435Z","https://github.com/Thunder07-blip/Build-a-Thon","src/main.jsx","39","39.00%","347"
"2026-04-10T13:53:21.435Z","https://github.com/Thunder07-blip/Build-a-Thon","eslint.config.js","37","37.00%","322"
"2026-04-10T13:53:21.435Z","https://github.com/Thunder07-blip/Build-a-Thon","vite.config.js","37","37.00%","322"
"2026-04-10T13:53:21.435Z","https://github.com/Thunder07-blip/Build-a-Thon","contracts/VerificationRegistry","36","36.00%","310"
"2026-04-10T13:53:21.435Z","https://github.com/Thunder07-blip/Build-a-Thon","index.html","36","36.00%","310"
"2026-04-10T13:53:21.435Z","https://github.com/Thunder07-blip/Build-a-Thon",".gitignore","28","28.00%","218"
"2026-04-10T13:54:14.569Z","https://github.com/topics/sign-language-recognition-system","[NO FILES]","N/A","N/A","ERROR: GitHub API Rate Limit exceeded or repository is empty. Please configure 'github_fine_grained' in your .env.local token to analyze more repositories."
"2026-04-10T13:55:13.379Z","https://github.com/topics/sign-language-recognition-system","[NO FILES]","N/A","N/A","ERROR: GitHub API Rate Limit exceeded or repository is empty. Please configure 'github_fine_grained' in your .env.local token to analyze more repositories."
"2026-04-10T13:55:31.523Z","https://github.com/Thunder07-blip/Build-a-Thon","contracts/DonationPool.sol","46","46.00%","442"
"2026-04-10T13:55:31.523Z","https://github.com/Thunder07-blip/Build-a-Thon","src/App.jsx","39","39.00%","347"
"2026-04-10T13:55:31.523Z","https://github.com/Thunder07-blip/Build-a-Thon","src/main.jsx","39","39.00%","347"
"2026-04-10T13:55:31.523Z","https://github.com/Thunder07-blip/Build-a-Thon","eslint.config.js","37","37.00%","322"
"2026-04-10T13:55:31.523Z","https://github.com/Thunder07-blip/Build-a-Thon","vite.config.js","37","37.00%","322"
"2026-04-10T13:55:31.523Z","https://github.com/Thunder07-blip/Build-a-Thon","contracts/VerificationRegistry","36","36.00%","310"
"2026-04-10T13:55:31.523Z","https://github.com/Thunder07-blip/Build-a-Thon","index.html","36","36.00%","310"
"2026-04-10T13:55:31.523Z","https://github.com/Thunder07-blip/Build-a-Thon",".gitignore","28","28.00%","218"
"2026-04-10T13:56:15.721Z","https://github.com/Thunder07-blip/time4impact","login.js","37","37.00%","2253"
"2026-04-10T13:56:15.721Z","https://github.com/Thunder07-blip/time4impact","login.html","36","36.00%","2167"
"2026-04-10T13:56:15.721Z","https://github.com/Thunder07-blip/time4impact","createpost.js","37","37.00%","322"
"2026-04-10T13:56:15.721Z","https://github.com/Thunder07-blip/time4impact","feedgpt.js","37","37.00%","322"
"2026-04-10T13:56:15.721Z","https://github.com/Thunder07-blip/time4impact","profile.js","37","37.00%","322"
"2026-04-10T13:56:15.721Z","https://github.com/Thunder07-blip/time4impact","server.js","37","37.00%","322"
"2026-04-10T13:56:15.721Z","https://github.com/Thunder07-blip/time4impact","createpost.html","36","36.00%","310"
"2026-04-10T13:56:15.721Z","https://github.com/Thunder07-blip/time4impact","feedgpt.html","36","36.00%","310"
"2026-04-10T13:56:15.721Z","https://github.com/Thunder07-blip/time4impact","profile.html","36","36.00%","310"
"2026-04-10T13:56:15.721Z","https://github.com/Thunder07-blip/time4impact","role-selection.html","36","36.00%","310"
"2026-04-10T14:21:48.247Z","https://github.com/Thunder07-blip/time4impact","login.js","100","100.00%","31500"
"2026-04-10T14:21:48.247Z","https://github.com/Thunder07-blip/time4impact","login.html","36","36.00%","2167"
"2026-04-10T14:21:48.247Z","https://github.com/Thunder07-blip/time4impact","createpost.js","37","37.00%","322"
"2026-04-10T14:21:48.247Z","https://github.com/Thunder07-blip/time4impact","feedgpt.js","37","37.00%","322"
"2026-04-10T14:21:48.247Z","https://github.com/Thunder07-blip/time4impact","profile.js","37","37.00%","322"
"2026-04-10T14:21:48.247Z","https://github.com/Thunder07-blip/time4impact","server.js","37","37.00%","322"
"2026-04-10T14:21:48.247Z","https://github.com/Thunder07-blip/time4impact","createpost.html","36","36.00%","310"
"2026-04-10T14:21:48.247Z","https://github.com/Thunder07-blip/time4impact","feedgpt.html","36","36.00%","310"
"2026-04-10T14:21:48.247Z","https://github.com/Thunder07-blip/time4impact","profile.html","36","36.00%","310"
"2026-04-10T14:21:48.247Z","https://github.com/Thunder07-blip/time4impact","role-selection.html","36","36.00%","310"
"2026-04-10T14:22:44.162Z","https://github.com/harshbg/Sign-Language-Interpreter-using-Deep-Learning","Code/gesture_db.db","36","36.00%","4644"
"2026-04-10T14:22:44.162Z","https://github.com/harshbg/Sign-Language-Interpreter-using-Deep-Learning","Code/create_gestures.py","37","37.00%","322"
"2026-04-10T14:22:44.162Z","https://github.com/harshbg/Sign-Language-Interpreter-using-Deep-Learning","Code/load_images.py","37","37.00%","322"
"2026-04-10T14:22:44.162Z","https://github.com/harshbg/Sign-Language-Interpreter-using-Deep-Learning","LICENSE","36","36.00%","310"
"2026-04-10T14:22:44.162Z","https://github.com/harshbg/Sign-Language-Interpreter-using-Deep-Learning","Team Linear Digressors-Presentation.pdf","36","36.00%","310"
"2026-04-10T14:22:44.162Z","https://github.com/harshbg/Sign-Language-Interpreter-using-Deep-Learning","citation.cff","36","36.00%","310"
"2026-04-10T14:22:44.162Z","https://github.com/harshbg/Sign-Language-Interpreter-using-Deep-Learning","img/demo.gif","36","36.00%","310"
"2026-04-10T14:22:44.162Z","https://github.com/harshbg/Sign-Language-Interpreter-using-Deep-Learning","img/demo2.gif","36","36.00%","310"
"2026-04-10T14:22:44.162Z","https://github.com/harshbg/Sign-Language-Interpreter-using-Deep-Learning","img/demo3.gif","36","36.00%","310"
"2026-04-10T14:22:44.162Z","https://github.com/harshbg/Sign-Language-Interpreter-using-Deep-Learning","img/demo4.gif","36","36.00%","310"
"2026-04-10T14:22:44.162Z","https://github.com/harshbg/Sign-Language-Interpreter-using-Deep-Learning","img/demo5.gif","36","36.00%","310"
"2026-04-10T14:22:44.162Z","https://github.com/harshbg/Sign-Language-Interpreter-using-Deep-Learning","Code/Rotate_images.py","33","33.00%","274"
"2026-04-10T14:22:44.162Z","https://github.com/harshbg/Sign-Language-Interpreter-using-Deep-Learning","Code/cnn_model_train.py","33","33.00%","274"
"2026-04-10T14:22:44.162Z","https://github.com/harshbg/Sign-Language-Interpreter-using-Deep-Learning","Code/display_gestures.py","33","33.00%","274"
"2026-04-10T14:22:44.162Z","https://github.com/harshbg/Sign-Language-Interpreter-using-Deep-Learning","Code/final.py","33","33.00%","274"
"2026-04-10T14:22:44.162Z","https://github.com/harshbg/Sign-Language-Interpreter-using-Deep-Learning","Code/set_hand_histogram.py","33","33.00%","274"
"2026-04-10T14:22:44.162Z","https://github.com/harshbg/Sign-Language-Interpreter-using-Deep-Learning","Code/hist","32","32.00%","262"
"2026-04-10T14:22:44.162Z","https://github.com/harshbg/Sign-Language-Interpreter-using-Deep-Learning","img/Capture.PNG","32","32.00%","262"
"2026-04-10T14:22:44.162Z","https://github.com/harshbg/Sign-Language-Interpreter-using-Deep-Learning","img/Capture1.PNG","32","32.00%","262"
"2026-04-10T14:24:33.321Z","https://github.com/harshbg/Sign-Language-Interpreter-using-Deep-Learning","Code/gesture_db.db","36","36.00%","4644"
"2026-04-10T14:24:33.321Z","https://github.com/harshbg/Sign-Language-Interpreter-using-Deep-Learning","Code/create_gestures.py","37","37.00%","322"
"2026-04-10T14:24:33.321Z","https://github.com/harshbg/Sign-Language-Interpreter-using-Deep-Learning","Code/load_images.py","37","37.00%","322"
"2026-04-10T14:24:33.321Z","https://github.com/harshbg/Sign-Language-Interpreter-using-Deep-Learning","LICENSE","36","36.00%","310"
"2026-04-10T14:24:33.321Z","https://github.com/harshbg/Sign-Language-Interpreter-using-Deep-Learning","Team Linear Digressors-Presentation.pdf","36","36.00%","310"
"2026-04-10T14:24:33.321Z","https://github.com/harshbg/Sign-Language-Interpreter-using-Deep-Learning","citation.cff","36","36.00%","310"
"2026-04-10T14:24:33.321Z","https://github.com/harshbg/Sign-Language-Interpreter-using-Deep-Learning","img/demo.gif","36","36.00%","310"
"2026-04-10T14:24:33.321Z","https://github.com/harshbg/Sign-Language-Interpreter-using-Deep-Learning","img/demo2.gif","36","36.00%","310"
"2026-04-10T14:24:33.321Z","https://github.com/harshbg/Sign-Language-Interpreter-using-Deep-Learning","img/demo3.gif","36","36.00%","310"
"2026-04-10T14:24:33.321Z","https://github.com/harshbg/Sign-Language-Interpreter-using-Deep-Learning","img/demo4.gif","36","36.00%","310"
"2026-04-10T14:24:33.321Z","https://github.com/harshbg/Sign-Language-Interpreter-using-Deep-Learning","img/demo5.gif","36","36.00%","310"
"2026-04-10T14:24:33.321Z","https://github.com/harshbg/Sign-Language-Interpreter-using-Deep-Learning","Code/Rotate_images.py","33","33.00%","274"
"2026-04-10T14:24:33.321Z","https://github.com/harshbg/Sign-Language-Interpreter-using-Deep-Learning","Code/cnn_model_train.py","33","33.00%","274"
"2026-04-10T14:24:33.321Z","https://github.com/harshbg/Sign-Language-Interpreter-using-Deep-Learning","Code/display_gestures.py","33","33.00%","274"
"2026-04-10T14:24:33.321Z","https://github.com/harshbg/Sign-Language-Interpreter-using-Deep-Learning","Code/final.py","33","33.00%","274"
"2026-04-10T14:24:33.321Z","https://github.com/harshbg/Sign-Language-Interpreter-using-Deep-Learning","Code/set_hand_histogram.py","33","33.00%","274"
"2026-04-10T14:24:33.321Z","https://github.com/harshbg/Sign-Language-Interpreter-using-Deep-Learning","Code/hist","32","32.00%","262"
"2026-04-10T14:24:33.321Z","https://github.com/harshbg/Sign-Language-Interpreter-using-Deep-Learning","img/Capture.PNG","32","32.00%","262"
"2026-04-10T14:24:33.321Z","https://github.com/harshbg/Sign-Language-Interpreter-using-Deep-Learning","img/Capture1.PNG","32","32.00%","262"
"2026-04-10T14:25:24.521Z","https://github.com/torvalds/linux","Documentation/arch/arm64/pointer-authentication.rst","43","43.00%","2799"
"2026-04-10T14:25:24.521Z","https://github.com/torvalds/linux","arch/arm64/kvm/pauth.c","43","43.00%","2799"
"2026-04-10T14:25:24.521Z","https://github.com/torvalds/linux","Documentation/admin-guide/cifs/authors.rst","38","38.00%","2341"
"2026-04-10T14:25:24.521Z","https://github.com/torvalds/linux","Documentation/translations/zh_CN/filesystems/ubifs-authentication.rst","38","38.00%","2341"
"2026-04-10T14:25:24.521Z","https://github.com/torvalds/linux","Documentation/usb/authorization.rst","38","38.00%","2341"
"2026-04-10T14:25:24.521Z","https://github.com/torvalds/linux","arch/arm64/kernel/pointer_auth.c","38","38.00%","2341"
"2026-04-10T14:25:24.521Z","https://github.com/torvalds/linux","drivers/staging/greybus/Documentation/firmware/authenticate.c","38","38.00%","2341"
"2026-04-10T14:25:24.521Z","https://github.com/torvalds/linux","Documentation/filesystems/ubifs-authentication.rst","34","34.00%","1999"
"2026-04-10T14:25:24.521Z","https://github.com/torvalds/linux","arch/arm64/include/asm/kvm_ptrauth.h","34","34.00%","1999"
"2026-04-10T14:25:24.521Z","https://github.com/torvalds/linux","drivers/crypto/atmel-authenc.h","34","34.00%","1999"
"2026-04-10T14:25:24.521Z","https://github.com/torvalds/linux","arch/arm64/include/asm/asm_pointer_auth.h","33","33.00%","1917"
"2026-04-10T14:25:24.521Z","https://github.com/torvalds/linux","arch/arm64/include/asm/pointer_auth.h","33","33.00%","1917"
"2026-04-10T14:25:24.521Z","https://github.com/torvalds/linux","crypto/authenc.c","33","33.00%","1917"
"2026-04-10T14:25:24.521Z","https://github.com/torvalds/linux","drivers/gpu/drm/drm_auth.c","33","33.00%","1917"
"2026-04-10T14:25:24.521Z","https://github.com/torvalds/linux","drivers/nvme/common/auth.c","33","33.00%","1917"
"2026-04-10T14:25:24.521Z","https://github.com/torvalds/linux","drivers/nvme/host/auth.c","33","33.00%","1917"
"2026-04-10T14:25:24.521Z","https://github.com/torvalds/linux","drivers/nvme/target/auth.c","33","33.00%","1917"
"2026-04-10T14:25:24.521Z","https://github.com/torvalds/linux","drivers/nvme/target/fabrics-cmd-auth.c","33","33.00%","1917"
"2026-04-10T14:25:24.521Z","https://github.com/torvalds/linux","drivers/staging/greybus/authentication.c","33","33.00%","1917"
"2026-04-10T14:25:24.521Z","https://github.com/torvalds/linux","crypto/authencesn.c","29","29.00%","1604"
"2026-04-10T14:27:08.359Z","https://github.com/openclaw/openclaw","auth-profiles.js","100","100.00%","47250"
"2026-04-10T14:27:08.359Z","https://github.com/openclaw/openclaw","src/agents/auth-profiles/external-oauth.test.ts","85","85.00%","36146"
"2026-04-10T14:27:08.359Z","https://github.com/openclaw/openclaw","extensions/minimax/oauth.ts","81","81.00%","33425"
"2026-04-10T14:27:08.359Z","https://github.com/openclaw/openclaw","ui/src/ui/device-auth.ts","55","55.00%","12128"
"2026-04-10T14:27:08.359Z","https://github.com/openclaw/openclaw","Node.js","100","100.00%","4500"
"2026-04-10T14:27:08.359Z","https://github.com/openclaw/openclaw","/.openclaw/openclaw.js","100","100.00%","4500"
"2026-04-10T14:27:08.359Z","https://github.com/openclaw/openclaw","package.js","100","100.00%","4500"
"2026-04-10T14:27:08.359Z","https://github.com/openclaw/openclaw","index-DiFqcmGv.js","100","100.00%","4500"
"2026-04-10T14:27:08.359Z","https://github.com/openclaw/openclaw","//github.c","100","100.00%","4500"
"2026-04-10T14:27:08.359Z","https://github.com/openclaw/openclaw","models.providers.c","100","100.00%","4500"
"2026-04-10T14:27:08.359Z","https://github.com/openclaw/openclaw","channels.telegram.accounts.c","100","100.00%","4500"
"2026-04-10T14:27:08.359Z","https://github.com/openclaw/openclaw","openclaw.js","100","100.00%","4500"
"2026-04-10T14:27:08.359Z","https://github.com/openclaw/openclaw","sessions.js","100","100.00%","4500"
"2026-04-10T14:27:08.359Z","https://github.com/openclaw/openclaw","llama.cpp","100","100.00%","4500"
"2026-04-10T14:27:08.359Z","https://github.com/openclaw/openclaw","chat.h","100","100.00%","4500"
"2026-04-10T14:27:08.359Z","https://github.com/openclaw/openclaw","block.c","100","100.00%","4500"
"2026-04-10T14:27:08.359Z","https://github.com/openclaw/openclaw","src/gateway/server/ws-connection/handshake-auth-helpers.ts","41","41.00%","3918"
"2026-04-10T14:27:08.359Z","https://github.com/openclaw/openclaw","src/agents/auth-profiles.ensureauthprofilestore.test.ts","39","39.00%","3645"
"2026-04-10T14:27:08.359Z","https://github.com/openclaw/openclaw","src/gateway/auth.ts","20","20.00%","1470"
"2026-04-10T14:27:08.359Z","https://github.com/openclaw/openclaw","ui/src/ui/gateway.ts","36","36.00%","310"
"2026-04-10T19:22:42.468Z","https://github.com/Thunder07-blip/Build-a-Thon","contracts/DonationPool.sol","46","46.00%","442"
"2026-04-10T19:22:42.468Z","https://github.com/Thunder07-blip/Build-a-Thon","src/App.jsx","39","39.00%","347"
"2026-04-10T19:22:42.468Z","https://github.com/Thunder07-blip/Build-a-Thon","src/main.jsx","39","39.00%","347"
"2026-04-10T19:22:42.468Z","https://github.com/Thunder07-blip/Build-a-Thon","eslint.config.js","37","37.00%","322"
"2026-04-10T19:22:42.468Z","https://github.com/Thunder07-blip/Build-a-Thon","vite.config.js","37","37.00%","322"
"2026-04-10T19:22:42.468Z","https://github.com/Thunder07-blip/Build-a-Thon","contracts/VerificationRegistry","36","36.00%","310"
"2026-04-10T19:22:42.468Z","https://github.com/Thunder07-blip/Build-a-Thon","index.html","36","36.00%","310"
"2026-04-10T19:22:42.468Z","https://github.com/Thunder07-blip/Build-a-Thon",".gitignore","28","28.00%","218"
"2026-04-10T21:47:47.274Z","https://github.com/RohitWakade07/Data_extracter","vector_database/__init__.py","37","37.00%","7243"
"2026-04-10T21:47:47.274Z","https://github.com/RohitWakade07/Data_extracter","vector_database/weaviate_handler.py","33","33.00%","6163"
"2026-04-10T21:47:47.274Z","https://github.com/RohitWakade07/Data_extracter","uploads/6db0c8be-968d-4e08-b82d-2dd19735647e_Invoice_Commercial_Invoice.docx","36","36.00%","4644"
"2026-04-10T21:47:47.274Z","https://github.com/RohitWakade07/Data_extracter","uploads/cc398b29-c8b7-45db-b5ef-0de241c5c0ca_Contract_2_Supply_Procurement.docx","36","36.00%","4644"
"2026-04-10T21:47:47.274Z","https://github.com/RohitWakade07/Data_extracter","utils/ollama_api_key_server.py","37","37.00%","2575"
"2026-04-10T21:47:47.274Z","https://github.com/RohitWakade07/Data_extracter","semantic_search/__init__.py","37","37.00%","966"
"2026-04-10T21:47:47.274Z","https://github.com/RohitWakade07/Data_extracter","agentic_workflow/__init__.py","37","37.00%","322"
"2026-04-10T21:47:47.274Z","https://github.com/RohitWakade07/Data_extracter","entity_extraction/__init__.py","37","37.00%","322"
"2026-04-10T21:47:47.274Z","https://github.com/RohitWakade07/Data_extracter","integration/__init__.py","37","37.00%","322"
"2026-04-10T21:47:47.274Z","https://github.com/RohitWakade07/Data_extracter","integration/integrated_pipeline.py","37","37.00%","322"
"2026-04-10T21:47:47.274Z","https://github.com/RohitWakade07/Data_extracter","knowledge_graph/__init__.py","37","37.00%","322"
"2026-04-10T21:47:47.274Z","https://github.com/RohitWakade07/Data_extracter","semantic_extraction/__init__.py","37","37.00%","322"
"2026-04-10T21:47:47.274Z","https://github.com/RohitWakade07/Data_extracter","semantic_extraction/semantic_chunker.py","37","37.00%","322"
"2026-04-10T21:47:47.274Z","https://github.com/RohitWakade07/Data_extracter","semantic_extraction/semantic_extractor.py","37","37.00%","322"
"2026-04-10T21:47:47.274Z","https://github.com/RohitWakade07/Data_extracter","agentic_workflow/workflow.py","33","33.00%","274"
"2026-04-10T21:47:47.274Z","https://github.com/RohitWakade07/Data_extracter","entity_extraction/entity_extractor.py","33","33.00%","274"
"2026-04-10T21:47:47.274Z","https://github.com/RohitWakade07/Data_extracter","integration_demo/integrated_pipeline.py","33","33.00%","274"
"2026-04-10T21:47:47.274Z","https://github.com/RohitWakade07/Data_extracter","knowledge_graph/nebula_handler.py","33","33.00%","274"
"2026-04-10T21:47:47.274Z","https://github.com/RohitWakade07/Data_extracter",".gitattributes","24","24.00%","178"
"2026-04-10T21:47:47.274Z","https://github.com/RohitWakade07/Data_extracter",".gitignore","19","19.00%","131"
"2026-04-10T22:12:52.192Z","https://github.com/CYK26-CODE/pulse-orama","[NO FILES]","N/A","N/A","ERROR: GitHub API Rate Limit exceeded or repository is empty. Please configure 'github_fine_grained' in your .env.local token to analyze more repositories."
"2026-04-10T22:13:22.218Z","https://github.com/CYK26-CODE/pulse-orama","[NO FILES]","N/A","N/A","ERROR: GitHub API Rate Limit exceeded or repository is empty. Please configure 'github_fine_grained' in your .env.local token to analyze more repositories."
"2026-04-11T01:59:24.100Z","https://github.com/RohitWakade07/Data_extracter","vector_database/weaviate_handler.py","69","69.00%","36949"
"2026-04-11T01:59:24.100Z","https://github.com/RohitWakade07/Data_extracter","vector_database/__init__.py","37","37.00%","7243"
"2026-04-11T01:59:24.100Z","https://github.com/RohitWakade07/Data_extracter","uploads/6db0c8be-968d-4e08-b82d-2dd19735647e_Invoice_Commercial_Invoice.docx","36","36.00%","4644"
"2026-04-11T01:59:24.100Z","https://github.com/RohitWakade07/Data_extracter","uploads/cc398b29-c8b7-45db-b5ef-0de241c5c0ca_Contract_2_Supply_Procurement.docx","36","36.00%","4644"
"2026-04-11T01:59:24.100Z","https://github.com/RohitWakade07/Data_extracter","utils/ollama_api_key_server.py","37","37.00%","2575"
"2026-04-11T01:59:24.100Z","https://github.com/RohitWakade07/Data_extracter","semantic_search/__init__.py","37","37.00%","966"
"2026-04-11T01:59:24.100Z","https://github.com/RohitWakade07/Data_extracter","agentic_workflow/__init__.py","37","37.00%","322"
"2026-04-11T01:59:24.100Z","https://github.com/RohitWakade07/Data_extracter","entity_extraction/__init__.py","37","37.00%","322"
"2026-04-11T01:59:24.100Z","https://github.com/RohitWakade07/Data_extracter","integration/__init__.py","37","37.00%","322"
"2026-04-11T01:59:24.100Z","https://github.com/RohitWakade07/Data_extracter","integration/integrated_pipeline.py","37","37.00%","322"
"2026-04-11T01:59:24.100Z","https://github.com/RohitWakade07/Data_extracter","knowledge_graph/__init__.py","37","37.00%","322"
"2026-04-11T01:59:24.100Z","https://github.com/RohitWakade07/Data_extracter","semantic_extraction/__init__.py","37","37.00%","322"
"2026-04-11T01:59:24.100Z","https://github.com/RohitWakade07/Data_extracter","semantic_extraction/semantic_chunker.py","37","37.00%","322"
"2026-04-11T01:59:24.100Z","https://github.com/RohitWakade07/Data_extracter","semantic_extraction/semantic_extractor.py","37","37.00%","322"
"2026-04-11T01:59:24.100Z","https://github.com/RohitWakade07/Data_extracter","agentic_workflow/workflow.py","33","33.00%","274"
"2026-04-11T01:59:24.100Z","https://github.com/RohitWakade07/Data_extracter","entity_extraction/entity_extractor.py","33","33.00%","274"
"2026-04-11T01:59:24.100Z","https://github.com/RohitWakade07/Data_extracter","integration_demo/integrated_pipeline.py","33","33.00%","274"
"2026-04-11T01:59:24.100Z","https://github.com/RohitWakade07/Data_extracter","knowledge_graph/nebula_handler.py","33","33.00%","274"
"2026-04-11T01:59:24.100Z","https://github.com/RohitWakade07/Data_extracter",".gitattributes","24","24.00%","178"
"2026-04-11T01:59:24.100Z","https://github.com/RohitWakade07/Data_extracter",".gitignore","19","19.00%","131"
"2026-04-11T02:10:37.717Z","https://github.com/RohitWakade07/workzen","backend-server/config/database.js","37","37.00%","4829"
"2026-04-11T02:10:37.717Z","https://github.com/RohitWakade07/workzen","backend-server/scripts/check-db-connection.js","37","37.00%","4829"
"2026-04-11T02:10:37.717Z","https://github.com/RohitWakade07/workzen","backend-server/middleware/auth.js","43","43.00%","2799"
"2026-04-11T02:10:37.717Z","https://github.com/RohitWakade07/workzen","backend-server/routes/auth.js","43","43.00%","2799"
"2026-04-11T02:10:37.717Z","https://github.com/RohitWakade07/workzen","components/auth/auth-page.tsx","43","43.00%","2799"
"2026-04-11T02:10:37.717Z","https://github.com/RohitWakade07/workzen","components/auth/login-form.tsx","43","43.00%","2799"
"2026-04-11T02:10:37.717Z","https://github.com/RohitWakade07/workzen","components/auth/signup-form.tsx","43","43.00%","2799"
"2026-04-11T02:10:37.717Z","https://github.com/RohitWakade07/workzen","lib/auth-context.tsx","43","43.00%","2799"
"2026-04-11T02:10:37.717Z","https://github.com/RohitWakade07/workzen","lib/api.ts","37","37.00%","2575"
"2026-04-11T02:10:37.717Z","https://github.com/RohitWakade07/workzen","app/login/page.tsx","39","39.00%","2430"
"2026-04-11T02:10:37.717Z","https://github.com/RohitWakade07/workzen","components/admin/user-management-module.tsx","39","39.00%","1944"
"2026-04-11T02:10:37.717Z","https://github.com/RohitWakade07/workzen","scripts/01-init-users-and-roles.sql","36","36.00%","1734"
"2026-04-11T02:10:37.717Z","https://github.com/RohitWakade07/workzen","app/attendance/page.tsx","39","39.00%","347"
"2026-04-11T02:10:37.717Z","https://github.com/RohitWakade07/workzen","app/employees/page.tsx","39","39.00%","347"
"2026-04-11T02:10:37.717Z","https://github.com/RohitWakade07/workzen","app/layout.tsx","39","39.00%","347"
"2026-04-11T02:10:37.717Z","https://github.com/RohitWakade07/workzen","app/page.tsx","39","39.00%","347"
"2026-04-11T02:10:37.717Z","https://github.com/RohitWakade07/workzen","app/payroll/page.tsx","39","39.00%","347"
"2026-04-11T02:10:37.717Z","https://github.com/RohitWakade07/workzen","app/payslips/page.tsx","39","39.00%","347"
"2026-04-11T02:10:37.717Z","https://github.com/RohitWakade07/workzen",".gitattributes","36","36.00%","310"
"2026-04-11T02:10:37.717Z","https://github.com/RohitWakade07/workzen",".gitignore","28","28.00%","218"
"2026-04-11T02:16:43.468Z","https://github.com/Thunder07-blip/odoo-x-VIT","app/api/users/[id]/route.ts","51","51.00%","11538"
"2026-04-11T02:16:43.468Z","https://github.com/Thunder07-blip/odoo-x-VIT","app/api/users/route.ts","51","51.00%","11538"
"2026-04-11T02:16:43.468Z","https://github.com/Thunder07-blip/odoo-x-VIT","app/api/users/send-password/route.ts","51","51.00%","11538"
"2026-04-11T02:16:43.468Z","https://github.com/Thunder07-blip/odoo-x-VIT","app/api/auth/login/route.ts","59","59.00%","9003"
"2026-04-11T02:16:43.468Z","https://github.com/Thunder07-blip/odoo-x-VIT","app/api/auth/signup/route.ts","59","59.00%","9003"
"2026-04-11T02:16:43.468Z","https://github.com/Thunder07-blip/odoo-x-VIT","lib/auth.ts","59","59.00%","9003"
"2026-04-11T02:16:43.468Z","https://github.com/Thunder07-blip/odoo-x-VIT","app/api/approvals/action/route.ts","51","51.00%","8242"
"2026-04-11T02:16:43.468Z","https://github.com/Thunder07-blip/odoo-x-VIT","app/api/approvals/route.ts","51","51.00%","8242"
"2026-04-11T02:16:43.468Z","https://github.com/Thunder07-blip/odoo-x-VIT","app/api/expenses/[id]/route.ts","51","51.00%","8242"
"2026-04-11T02:16:43.468Z","https://github.com/Thunder07-blip/odoo-x-VIT","app/api/expenses/route.ts","51","51.00%","8242"
"2026-04-11T02:16:43.468Z","https://github.com/Thunder07-blip/odoo-x-VIT","app/api/ocr/route.ts","51","51.00%","8242"
"2026-04-11T02:16:43.468Z","https://github.com/Thunder07-blip/odoo-x-VIT","app/api/rules/route.ts","51","51.00%","8242"
"2026-04-11T02:16:43.468Z","https://github.com/Thunder07-blip/odoo-x-VIT","app/login/page.tsx","54","54.00%","7862"
"2026-04-11T02:16:43.468Z","https://github.com/Thunder07-blip/odoo-x-VIT","app/(dashboard)/users/layout.tsx","54","54.00%","6290"
"2026-04-11T02:16:43.468Z","https://github.com/Thunder07-blip/odoo-x-VIT","app/(dashboard)/users/page.tsx","54","54.00%","6290"
"2026-04-11T02:16:43.468Z","https://github.com/Thunder07-blip/odoo-x-VIT","app/signup/page.tsx","54","54.00%","6290"
"2026-04-11T02:16:43.468Z","https://github.com/Thunder07-blip/odoo-x-VIT","app/api/analytics/route.ts","51","51.00%","4945"
"2026-04-11T02:16:43.468Z","https://github.com/Thunder07-blip/odoo-x-VIT","app/(dashboard)/analytics/layout.tsx","54","54.00%","1011"
"2026-04-11T02:16:43.468Z","https://github.com/Thunder07-blip/odoo-x-VIT","app/(dashboard)/analytics/page.tsx","54","54.00%","1011"
"2026-04-11T02:16:43.468Z","https://github.com/Thunder07-blip/odoo-x-VIT",".gitignore","39","39.00%","347"
